OPE ID,School,Total Allocation ($),Minimum Allocation to be Awarded for Emergency Financial Aid Grants to Students ($),Address,Type,Student population,Undergraduate students,Graduation Rate,Transfer-Out Rate
115300,"California State University, Northridge","44,652,328.00","22,326,164.00","18111 Nordhoff St, Northridge, California 91330","4-year, Public",39910.0,34799.0,55%,6%
113900,"California State University, Long Beach","41,729,439.00","20,864,720.00","1250 Bellflower Blvd, Long Beach, California 90840-0115","4-year, Public",38674.0,33054.0,74%,2%
113700,"California State University, Fullerton","41,021,512.00","20,510,756.00","800 N State College Blvd, Fullerton, California 92831-3599","4-year, Public",40445.0,35335.0,69%,2%
114000,"California State University, Los Angeles","37,914,166.00","18,957,083.00","5151 State University Dr, Los Angeles, California 90032-8506","4-year, Public",26671.0,22797.0,52%,2%
131400,"University Of California, Irvine","36,731,629.00","18,365,815.00","501 Aldrich Hall, Irvine, California 92697","4-year, Public",36908.0,30382.0,84%,9%
131500,"University Of California, Los Angeles","35,906,870.00","17,953,435.00","405 Hilgard Ave, Los Angeles, California 90095-1405","4-year, Public",44371.0,31543.0,92%,4%
115000,California State University - Sacramento,"35,734,362.00","17,867,181.00","6000 J St, Sacramento, California 95819-2694","4-year, Public",31992.0,28819.0,55%,3%
131700,"University Of California, San Diego","34,889,769.00","17,444,885.00","9500 Gilman Dr, La Jolla, California 92093","4-year, Public",38736.0,30794.0,87%,
131300,"University Of California, Davis","33,871,763.00","16,935,882.00","One Shields Avenue, Davis, California 95616-8678","4-year, Public",38634.0,30982.0,87%,
114700,"California State University, Fresno","32,802,107.00","16,401,054.00","5241 N Maple Ave, Fresno, California 93740","4-year, Public",24298.0,21541.0,56%,2%
114400,"California State Polytechnic University, Pomona","30,904,089.00","15,452,045.00","3801 W Temple Avenue, Pomona, California 91768","4-year, Public",28058.0,26454.0,69%,2%
131200,"University Of California, Berkeley","30,440,627.00","15,220,314.00","200 California Hall, Berkeley, California 94720","4-year, Public",43185.0,31348.0,93%,
131600,"University Of California, Riverside","29,734,626.00","14,867,313.00","900 University Ave, Riverside, California 92521","4-year, Public",25547.0,22055.0,76%,15%
115100,San Diego State University,"29,394,934.00","14,697,467.00","5500 Campanile Dr, San Diego, California 92182-0001","4-year, Public",35544.0,30848.0,73%,3%
115500,San Jose State University,"28,769,546.00","14,384,773.00","One Washington Square, San Jose, California 95192-0001","4-year, Public",36085.0,27905.0,64%,4%
115400,San Francisco State University,"28,725,948.00","14,362,974.00","1600 Holloway Ave, San Francisco, California 94132","4-year, Public",29032.0,25924.0,57%,6%
114200,"California State University, San Bernardino","26,243,781.00","13,121,891.00","5500 University Parkway, San Bernardino, California 92407-2393","4-year, Public",20638.0,18282.0,55%,1%
132000,"University Of California, Santa Barbara","25,204,196.00","12,602,098.00","5221 Cheadle Hall, Santa Barbara, California 93106","4-year, Public",26314.0,23349.0,83%,
114600,"California State University, Chico","19,959,391.00","9,979,696.00","First and Normal Sts, Chico, California 95929-0150","4-year, Public",17110.0,16164.0,67%,4%
132100,"University Of California, Santa Cruz","19,327,201.00","9,663,601.00","1156 High St, Santa Cruz, California 95064-1011","4-year, Public",19494.0,17517.0,75%,5%
132800,University Of Southern California,"19,278,560.00","9,639,280.00","University Park, Los Angeles, California 90089","4-year, Private not-for-profit",48321.0,20351.0,92%,
114100,"California State University, Dominguez Hills","18,481,277.00","9,240,639.00","1000 E Victoria St, Carson, California 90747-0005","4-year, Public",17977.0,15365.0,44%,3%
124500,Mount San Antonio College,"17,457,959.00","8,728,980.00","1100 N Grand Ave, Walnut, California 91789-1399","2-year, Public",29799.0,29799.0,36%,6%
3011300,"California State University, San Marcos","15,963,036.00","7,981,518.00","333 S Twin Oaks Valley Rd, San Marcos, California 92096-0001","4-year, Public",16053.0,14837.0,54%,4%
126100,Pasadena City College,"15,230,050.00","7,615,025.00","1570 E Colorado Blvd., Pasadena, California 91106-2003","2-year, Public",26971.0,26971.0,37%,8%
2559300,United Education Institute,"14,992,982.00","7,496,491.00","6055 Pacific Boulevard, Huntington Park, California 90255","< 2-year, Private for-profit",921.0,921.0,60%,
121900,Long Beach City College,"14,663,058.00","7,331,529.00","4901 E. Carson St., Long Beach, California 90808-1706","2-year, Public",24127.0,24127.0,20%,11%
113800,"California State University, East Bay","14,617,347.00","7,308,674.00","25800 Carlos Bee Blvd, Hayward, California 94542","4-year, Public",16064.0,13202.0,50%,4%
114300,California Polytechnic State University,"14,095,976.00","7,047,988.00","1 Grand Ave., San Luis Obispo, California 93407","4-year, Public",21426.0,20503.0,82%,2%
799300,"California State University, Bakersfield","13,588,942.00","6,794,471.00","9001 Stockdale Hwy, Bakersfield, California 93311-1099","4-year, Public",11531.0,9981.0,43%,3%
115700,"California State University, Stanislaus","13,314,715.00","6,657,358.00","One University Circle, Turlock, California 95382-0299","4-year, Public",10974.0,9723.0,59%,3%
4127100,"University Of California, Merced","13,037,897.00","6,518,949.00","5200 North Lake Road, Merced, California 95343-5603","4-year, Public",8847.0,8151.0,69%,23%
128600,Santa Monica College,"12,193,513.00","6,096,757.00","1900 Pico Blvd, Santa Monica, California 90405-1628","4-year, primarily associate's, Public",27497.0,27497.0,29%,18%
116100,Cerritos Community College,"12,186,449.00","6,093,225.00","11110 Alondra Blvd, Norwalk, California 90650-6298","2-year, Public",22287.0,22287.0,27%,13%
111800,Bakersfield College,"12,182,994.00","6,091,497.00","1801 Panorama Dr, Bakersfield, California 93305-1299","4-year, primarily associate's, Public",26380.0,26380.0,20%,11%
3698300,West Coast University,"11,797,821.00","5,898,911.00","12215 Victory Boulevard, North Hollywood, California 91606","4-year, Private for-profit",2215.0,2215.0,38%,
119700,El Camino College,"11,659,979.00","5,829,990.00","16007 Crenshaw Blvd, Torrance, California 90506","2-year, Public",24223.0,24223.0,35%,10%
116300,Chaffey Community College,"11,446,484.00","5,723,242.00","5885 Haven Ave, Rancho Cucamonga, California 91737-3002","2-year, Public",22731.0,22731.0,26%,9%
130700,Fresno City College,"11,224,898.00","5,612,449.00","1101 E. University Ave, Fresno, California 93741","2-year, Public",24806.0,24806.0,21%,6%
127000,Riverside City College,"10,831,532.00","5,415,766.00","4800 Magnolia Avenue, Riverside, California 92506","2-year, Public",21118.0,21118.0,28%,12%
2226000,East Los Angeles College,"10,797,043.00","5,398,522.00","1301 Avenida Cesar Chavez, Monterey Park, California 91754-6099","2-year, Public",36885.0,36885.0,38%,5%
123200,American River College,"10,613,663.00","5,306,832.00","4700 College Oak Dr, Sacramento, California 95841-4286","2-year, Public",31265.0,31265.0,25%,12%
114900,Humboldt State University,"10,302,998.00","5,151,499.00","1 Harpst Street, Arcata, California 95521-8299","4-year, Public",7180.0,6580.0,49%,5%
111300,Antelope Valley College,"10,245,691.00","5,122,846.00","3041 West  Ave K, Lancaster, California 93536-5426","4-year, primarily associate's, Public",13909.0,13909.0,27%,7%
124600,Mt. San Jacinto College,"9,713,109.00","4,856,555.00","1499 N. State St., San Jacinto, California 92583-2399","2-year, Public",15597.0,15597.0,26%,15%
120100,Fullerton College,"9,700,734.00","4,850,367.00","321 E Chapman Avenue, Fullerton, California 92832-2095","2-year, Public",22613.0,22613.0,30%,14%
124000,Modesto Junior College,"9,575,504.00","4,787,752.00","435 College Ave, Modesto, California 95350-5800","4-year, primarily associate's, Public",18068.0,18068.0,22%,12%
129400,Southwestern Community College District,"9,253,264.00","4,626,632.00","900 Otay Lakes Rd., Chula Vista, California 91910-7299","2-year, Public",19231.0,19231.0,27%,9%
125000,Orange Coast College,"9,120,468.00","4,560,234.00","2701 Fairview Road, Costa Mesa, California 92626","2-year, Public",20042.0,20042.0,39%,10%
115600,Sonoma State University,"9,093,447.00","4,546,724.00","1801 E Cotati Ave, Rohnert Park, California 94928-3609","4-year, Public",8887.0,8143.0,62%,7%
118600,College Of The Sequoias,"8,630,859.00","4,315,430.00","915 S. Mooney Blvd, Visalia, California 93277-2214","2-year, Public",12815.0,12815.0,29%,5%
3980300,California State University Channel Islands,"8,580,009.00","4,290,005.00","One University Dr, Camarillo, California 93012","4-year, Public",7525.0,7112.0,54%,6%
3260300,"California State University, Monterey Bay","8,459,727.00","4,229,864.00","100 Campus Center, Seaside, California 93955-8001","4-year, Public",7650.0,6789.0,63%,5%
133500,Victor Valley Community College,"8,067,843.00","4,033,922.00","18422 Bear Valley Rd, Victorville, California 92395-5850","2-year, Public",13126.0,13126.0,21%,11%
123300,Sacramento City College,"7,946,038.00","3,973,019.00","3835 Freeport Blvd, Sacramento, California 95822-1386","2-year, Public",20829.0,20829.0,24%,10%
112500,California Baptist University,"7,913,118.00","3,956,559.00","8432 Magnolia Ave, Riverside, California 92504-3297","4-year, Private not-for-profit",11045.0,8190.0,63%,24%
128000,San Joaquin Delta College,"7,835,430.00","3,917,715.00","5151 Pacific Ave, Stockton, California 95207","2-year, Public",18533.0,18533.0,30%,9%
126000,Palomar College,"7,702,862.00","3,851,431.00","1140 W. Mission, San Marcos, California 92069-1487","2-year, Public",23874.0,23874.0,30%,11%
122600,Los Angeles Pierce College,"7,694,796.00","3,847,398.00","6201 Winnetka Ave, Woodland Hills, California 91371-0002","2-year, Public",18765.0,18765.0,32%,9%
129000,Sierra College,"7,595,581.00","3,797,791.00","5100 Sierra College Blvd, Rocklin, California 95677-3397","2-year, Public",18226.0,18226.0,40%,12%
116600,Citrus College,"7,429,415.00","3,714,708.00","1000 W Foothill Blvd, Glendora, California 91741-1899","2-year, Public",13130.0,13130.0,38%,9%
130500,Stanford University,"7,376,668.00","3,688,334.00"," , Stanford, California 94305","4-year, Private not-for-profit",17249.0,6996.0,94%,1%
132500,University Of San Francisco,"7,293,888.00","3,646,944.00","2130 Fulton St, San Francisco, California 94117-1080","4-year, Private not-for-profit",10636.0,6577.0,75%,16%
807300,Butte College,"7,281,962.00","3,640,981.00","3536 Butte Campus Drive, Oroville, California 95965-8399","2-year, Public",10100.0,10100.0,33%,10%
448000,De Anza Community College,"7,235,258.00","3,617,629.00","21250 Stevens Creek Blvd., Cupertino, California 95014","2-year, Public",18669.0,18669.0,65%,5%
119300,Cypress College,"7,147,934.00","3,573,967.00","9200 Valley View, Cypress, California 90630-5897","4-year, primarily associate's, Public",15679.0,15679.0,33%,19%
120800,Grossmont College,"7,141,562.00","3,570,781.00","8800 Grossmont College Dr, El Cajon, California 92020-1799","2-year, Public",16958.0,16958.0,29%,13%
118200,College Of The Desert,"7,061,346.00","3,530,673.00","43-500 Monterey Ave, Palm Desert, California 92260","2-year, Public",11919.0,11919.0,28%,4%
450200,City College Of San Francisco,"7,009,874.00","3,504,937.00","50 Frida Kahlo Drive, San Francisco, California 94112-1898","2-year, Public",24441.0,24441.0,35%,9%
127200,San Bernardino Valley College,"6,732,563.00","3,366,282.00","701 South Mount Vernon Avenue, San Bernardino, California 92410-2798","2-year, Public",14872.0,14872.0,17%,8%
119100,Diablo Valley College,"6,679,277.00","3,339,639.00","321 Golf Club Rd, Pleasant Hill, California 94523","2-year, Public",19871.0,19871.0,48%,10%
123700,Merced Community College,"6,536,491.00","3,268,246.00","3600 M St, Merced, California 95348-2898","2-year, Public",11173.0,11173.0,30%,6%
890300,College Of The Canyons,"6,326,734.00","3,163,367.00","26455 Rockwell Canyon Rd, Santa Clarita, California 91355-1899","2-year, Public",19089.0,19089.0,38%,13%
126900,Rio Hondo Community College,"6,232,775.00","3,116,388.00","3600 Workman Mill Rd, Whittier, California 90601-1616","4-year, primarily associate's, Public",19358.0,19358.0,23%,7%
122800,Los Angeles Valley College,"6,154,624.00","3,077,312.00","5800 Fulton Avenue, Valley Glen, California 91401-4096","2-year, Public",16982.0,16982.0,26%,10%
2241800,American Career College,"5,944,572.00","2,972,286.00","4021 Rosewood Avenue, Los Angeles, California 90004","2-year, Private for-profit",1567.0,1567.0,64%,
128700,Santa Rosa Junior College,"5,942,841.00","2,971,421.00","1501 Mendocino Avenue, Santa Rosa, California 95401-4395","2-year, Public",19101.0,19101.0,37%,9%
127500,San Diego Mesa College,"5,911,519.00","2,955,760.00","7250 Mesa College Dr, San Diego, California 92111-4998","4-year, primarily associate's, Public",20712.0,20712.0,28%,13%
128500,Santa Barbara City College,"5,767,428.00","2,883,714.00","721 Cliff Drive, Santa Barbara, California 93109-2394","2-year, Public",14133.0,14133.0,41%,14%
121600,University Of La Verne,"5,658,977.00","2,829,489.00","1950 Third St, La Verne, California 91750-4401","4-year, Private not-for-profit",7396.0,4528.0,73%,
128400,Santa Ana College,"5,594,396.00","2,797,198.00","1530 W. 17th Street, Santa Ana, California 92706-3398","4-year, primarily associate's, Public",27052.0,27052.0,28%,8%
753600,Cosumnes River College,"5,574,947.00","2,787,474.00","8401 Center Parkway, Sacramento, California 95823-5799","2-year, Public",14398.0,14398.0,27%,7%
111700,Azusa Pacific University,"5,548,456.00","2,774,228.00","901 E Alosta, Azusa, California 91702-7000","4-year, Private not-for-profit",9297.0,5136.0,68%,
123900,Miracosta College,"5,511,006.00","2,755,503.00","One Barnard Drive, Oceanside, California 92056-3899","4-year, primarily associate's, Public",12992.0,12992.0,33%,11%
116400,Chapman University,"5,505,229.00","2,752,615.00","One University Dr., Orange, California 92866","4-year, Private not-for-profit",9850.0,7505.0,81%,
122300,Los Angeles City College,"5,197,272.00","2,598,636.00","855 N Vermont Ave, Los Angeles, California 90029","2-year, Public",14937.0,14937.0,22%,7%
132900,University Of The Pacific,"5,164,869.00","2,582,435.00","3601 Pacific Ave, Stockton, California 95211-0197","4-year, Private not-for-profit",6447.0,3640.0,71%,
711500,Moorpark College,"5,143,560.00","2,571,780.00","7075 Campus Rd, Moorpark, California 93021-1695","2-year, Public",14275.0,14275.0,40%,12%
122700,Los Angeles Trade-Technical College,"5,124,229.00","2,562,115.00","400 W Washington Blvd, Los Angeles, California 90015-4181","2-year, Public",13094.0,13094.0,25%,9%
3113300,Uei College,"5,025,381.00","2,512,691.00","3602 N. Blackstone, Suite 0268, Fresno, California 93726","< 2-year, Private for-profit",927.0,927.0,56%,
121400,Imperial Valley College,"4,995,150.00","2,497,575.00","380 E. Aten Road, Imperial, California 92251-0158","2-year, Public",8511.0,8511.0,35%,7%
3969600,Uei College,"4,785,647.00","2,392,824.00","661 West Redondo Beach Boulevard, Gardena, California 90247","< 2-year, Private for-profit",953.0,953.0,60%,
1164900,Loyola Marymount University,"4,723,135.00","2,361,568.00","One Lmu Drive, Los Angeles, California 90045-2659","4-year, Private not-for-profit",9822.0,6778.0,80%,
127300,San Diego City College,"4,592,301.00","2,296,151.00","1313 Park Boulevard, San Diego, California 92101-4787","2-year, Public",14056.0,14056.0,21%,11%
133400,Ventura College,"4,581,538.00","2,290,769.00","4667 Telegraph Rd, Ventura, California 93003-3872","2-year, Public",12696.0,12696.0,38%,6%
1146000,National University,"4,563,497.00","2,281,749.00","11255 North Torrey Pines Road, La Jolla, California 92037-1011","4-year, Private not-for-profit",16670.0,7356.0,29%,28%
2539500,Irvine Valley College,"4,485,810.00","2,242,905.00","5500 Irvine Center Drive, Irvine, California 92618-0301","2-year, Public",12812.0,12812.0,46%,15%
1039500,University Of San Diego,"4,426,552.00","2,213,276.00","5998 Alcala Park, San Diego, California 92110-2492","4-year, Private not-for-profit",9181.0,5919.0,81%,
120600,Golden West College,"4,318,142.00","2,159,071.00","15744 Goldenwest St., Huntington Beach, California 92647-2710","2-year, Public",12025.0,12025.0,36%,10%
130800,Reedley College,"4,243,892.00","2,121,946.00","995 N Reed Ave, Reedley, California 93654","2-year, Public",11296.0,11296.0,28%,7%
116200,Chabot College,"4,156,840.00","2,078,420.00","25555 Hesperian Blvd, Hayward, California 94545","2-year, Public",13522.0,13522.0,31%,13%
125300,Fresno Pacific University,"4,121,557.00","2,060,779.00","1717 S Chestnut Ave, Fresno, California 93702-4709","4-year, Private not-for-profit",4300.0,2947.0,67%,
112400,Cabrillo College,"4,027,260.00","2,013,630.00","6500 Soquel Dr, Aptos, California 95003","2-year, Public",11033.0,11033.0,27%,11%
1245200,Evergreen Valley College,"3,949,985.00","1,974,993.00","3095 Yerba Buena Rd, San Jose, California 95135-1598","2-year, Public",9774.0,9774.0,28%,8%
112200,Biola University,"3,922,227.00","1,961,114.00","13800 Biola Ave, La Mirada, California 90639-0001","4-year, Private not-for-profit",6103.0,4043.0,74%,
111100,Allan Hancock College,"3,853,901.00","1,926,951.00","800 South College Drive, Santa Maria, California 93454-6399","2-year, Public",11894.0,11894.0,35%,6%
1034000,Los Medanos College,"3,838,971.00","1,919,486.00","2700 East Leland Road, Pittsburg, California 94565","2-year, Public",9435.0,9435.0,33%,9%
753100,Academy Of Art University,"3,791,776.00","1,895,888.00","79 New Montgomery, San Francisco, California 94105","4-year, Private for-profit",9812.0,6694.0,45%,14%
4037300,Los Angeles Film School (The),"3,766,527.00","1,883,264.00","6363 Sunset Blvd, Hollywood, California 90028-7318","4-year, primarily associate's, Private for-profit",5151.0,5151.0,55%,13%
134400,Yuba College,"3,748,918.00","1,874,459.00","2088 N Beale Rd, Marysville, California 95901","2-year, Public",5626.0,5626.0,27%,10%
4173500,Moreno Valley College,"3,681,844.00","1,840,922.00","16130 Lasselle St, Moreno Valley, California 92551","2-year, Public",10635.0,10635.0,20%,7%
128900,Shasta College,"3,673,274.00","1,836,637.00","11555 Old Oregon Trail, Redding, California 96003","4-year, primarily associate's, Public",9307.0,9307.0,25%,12%
1014900,Pepperdine University,"3,620,831.00","1,810,416.00","24255 Pacific Coast Hwy, Malibu, California 90263","4-year, Private not-for-profit",8824.0,3583.0,86%,
120900,Hartnell Community College,"3,615,339.00","1,807,670.00","411 Central Avenue, Salinas, California 93901","2-year, Public",13024.0,13024.0,36%,6%
132600,Santa Clara University,"3,542,678.00","1,771,339.00","500 El Camino Real, Santa Clara, California 95053","4-year, Private not-for-profit",8669.0,5694.0,91%,
119200,Cuesta College,"3,527,579.00","1,763,790.00","Highway 1, San Luis Obispo, California 93403-8106","2-year, Public",11281.0,11281.0,38%,10%
1287200,North-West College,"3,525,534.00","1,762,767.00","170  W Holt Ave, Pomona, California 91768","< 2-year, Private for-profit",187.0,187.0,41%,
4176100,Norco College,"3,523,056.00","1,761,528.00","2001 Third St, Norco, California 92860","2-year, Public",11715.0,11715.0,27%,9%
4169800,Gurnick Academy Of Medical Arts,"3,477,356.00","1,738,678.00","2121 S El Camino Real Bldg C 200, San Mateo, California 94403","4-year, primarily associate's, Private for-profit",2042.0,2042.0,56%,
113300,California Lutheran University,"3,451,376.00","1,725,688.00","60 W Olsen Rd, Thousand Oaks, California 91360-2787","4-year, Private not-for-profit",4303.0,3078.0,68%,9%
132200,University Of Redlands,"3,388,020.00","1,694,010.00","1200 E. Colton Ave, Redlands, California 92373-0999","4-year, Private not-for-profit",4931.0,3206.0,76%,8%
3062700,Platt College,"3,330,094.00","1,665,047.00","1000 South Fremont Avenue, A10, Alhambra, California 91803","4-year, primarily associate's, Private for-profit",727.0,727.0,73%,
126600,Laney College,"3,313,469.00","1,656,735.00","900 Fallon Sreet, Oakland, California 94607","2-year, Public",10424.0,10424.0,24%,8%
1182000,San Diego Miramar College,"3,235,898.00","1,617,949.00","10440 Black Mountain Rd, San Diego, California 92126-2999","2-year, Public",14127.0,14127.0,40%,10%
3067500,Institute Of Technology,"3,164,257.00","1,582,129.00","564  W Herndon, Clovis, California 93612","2-year, Private for-profit",1310.0,1310.0,70%,
3971300,American Career College,"3,157,248.00","1,578,624.00","3130 East Sedona Court, Ontario, California 91764","2-year, Private for-profit",1326.0,1326.0,67%,
4169700,Unitek College,"3,157,044.00","1,578,522.00","4670 Auto Mall Pkwy, Fremont, California 94538","4-year, primarily associate's, Private for-profit",2147.0,2147.0,98%,
129200,Solano Community College,"3,130,214.00","1,565,107.00","4000 Suisun Valley Rd, Fairfield, California 94534-3197","4-year, primarily associate's, Public",9330.0,9330.0,26%,10%
1284200,Oxnard College,"3,127,211.00","1,563,606.00","4000 S Rose Ave, Oxnard, California 93033-6699","2-year, Public",7464.0,7464.0,34%,5%
3871300,Folsom Lake College,"2,957,869.00","1,478,935.00","10 College Parkway, Folsom, California 95630","2-year, Public",8945.0,8945.0,34%,14%
1255000,Los Angeles Mission College,"2,940,483.00","1,470,242.00","13356 Eldridge Avenue, Sylmar, California 91342-3200","2-year, Public",10128.0,10128.0,21%,9%
2111300,Cuyamaca College,"2,918,721.00","1,459,361.00","900 Rancho San Diego Pky, El Cajon, California 92019","2-year, Public",8697.0,8697.0,31%,12%
126200,Point Loma Nazarene University,"2,913,693.00","1,456,847.00","3900 Lomaland Dr, San Diego, California 92106-2899","4-year, Private not-for-profit",4567.0,3203.0,75%,22%
122400,Los Angeles Harbor College,"2,906,139.00","1,453,070.00","1111 Figueroa Place, Wilmington, California 90744-2397","2-year, Public",8694.0,8694.0,26%,11%
126800,Porterville College,"2,896,753.00","1,448,377.00","100 E College Ave, Porterville, California 93257","2-year, Public",4350.0,4350.0,35%,3%
3695700,Santiago Canyon College,"2,893,906.00","1,446,953.00","8045 E Chapman, Orange, California 92869-4512","2-year, Public",11911.0,11911.0,38%,13%
3035700,Las Positas College,"2,875,491.00","1,437,746.00","3000 Campus Hill Drive, Livermore, California 94551-7650","2-year, Public",8706.0,8706.0,44%,14%
4253400,Clovis Community College,"2,870,984.00","1,435,492.00","10309 North Willow Avenue, Fresno, California 93730","2-year, Public",8454.0,8454.0,38%,6%
2128300,Institute For Business & Technology,"2,735,892.00","1,367,946.00","2400 Walsh Avenue, Santa Clara, California 95051-1303","2-year, Private for-profit",542.0,542.0,80%,
448100,Ohlone College,"2,555,988.00","1,277,994.00","43600 Mission Blvd, Fremont, California 94539-0390","2-year, Public",8900.0,8900.0,47%,11%
4281700,Compton College,"2,538,405.00","1,269,203.00","1111 East Artesia Blvd., Compton, California 90221-5393","2-year, Public",5760.0,5760.0,17%,12%
130200,Saint Mary'S College Of California,"2,525,736.00","1,262,868.00","1928 Saint Marys Road, Moraga, California 94575","4-year, Private not-for-profit",3692.0,2646.0,78%,
118500,College Of The Redwoods,"2,504,489.00","1,252,245.00","7351 Tompkins Hill Rd, Eureka, California 95501-9300","2-year, Public",4665.0,4665.0,25%,14%
771300,Skyline College,"2,491,579.00","1,245,790.00","3300 College Dr, San Bruno, California 94066-1698","4-year, primarily associate's, Public",8803.0,8803.0,36%,8%
119000,Contra Costa College,"2,477,887.00","1,238,944.00","2600 Mission Bell Dr, San Pablo, California 94806-3195","2-year, Public",7127.0,7127.0,29%,9%
124200,Monterey Peninsula College,"2,415,633.00","1,207,817.00","980 Fremont St, Monterey, California 93940-4799","2-year, Public",7920.0,7920.0,31%,14%
119900,Foothill College,"2,401,437.00","1,200,719.00","12345 El Monte Rd, Los Altos Hills, California 94022","4-year, primarily associate's, Public",15123.0,15123.0,61%,11%
3108100,Summit College,"2,365,247.00","1,182,624.00","804 E Brier Dr, San Bernardino, California 92408","< 2-year, Private for-profit",1085.0,1085.0,73%,
120200,Gavilan College,"2,328,197.00","1,164,099.00","5055 Santa Teresa Blvd, Gilroy, California 95020","2-year, Public",5573.0,5573.0,31%,13%
2531800,Paul Mitchell The School Costa Mesa,"2,289,751.00","1,144,876.00","3309 Hyland Ave., Suite J, Costa Mesa, California 92626","< 2-year, Private for-profit",407.0,407.0,80%,
2110800,California College San Diego,"2,281,144.00","1,140,572.00","6602 Convoy Court Ste 100, San Diego, California 92111","4-year, primarily associate's, Private not-for-profit",536.0,536.0,38%,1%
128200,San Jose City College,"2,274,964.00","1,137,482.00","2100 Moorpark Ave, San Jose, California 95128-2798","2-year, Public",8760.0,8760.0,28%,8%
4111300,West Hills College Lemoore,"2,260,143.00","1,130,072.00","555 College Avenue, Lemoore, California 93245","2-year, Public",4359.0,4359.0,38%,3%
704700,Los Angeles Southwest College,"2,222,854.00","1,111,427.00","1600 W. Imperial Hwy., Los Angeles, California 90047-4899","2-year, Public",6409.0,6409.0,15%,16%
859600,West Los Angeles College,"2,215,810.00","1,107,905.00","9000 Overland Avenue, Culver City, California 90230-3519","4-year, primarily associate's, Public",13048.0,13048.0,17%,13%
111600,Art Center College Of Design,"2,168,231.00","1,084,116.00","1700 Lida St, Pasadena, California 91103","4-year, Private not-for-profit",2335.0,2062.0,69%,
2559400,Intercoast Colleges,"2,149,757.00","1,074,879.00","1720 E. Garry Ave, Suite 103, Santa Ana, California 92705","2-year, Private for-profit",226.0,226.0,60%,
121500,La Sierra University,"2,144,179.00","1,072,090.00","4500 Riverwalk Parkway, Riverside, California 92505-8247","4-year, Private not-for-profit",2159.0,1746.0,47%,
124700,Napa Valley College,"2,125,082.00","1,062,541.00","2277 Napa-Vallejo Hwy, Napa, California 94558-6236","2-year, Public",5292.0,5292.0,32%,10%
118100,College Of San Mateo,"2,042,860.00","1,021,430.00","1700 W Hillsdale Blvd, San Mateo, California 94402-3784","2-year, Public",8163.0,8163.0,42%,9%
2338500,Glendale Career College,"2,025,197.00","1,012,599.00","240 North Brand Boulevard Lower Level, Glendale, California 91203","4-year, primarily associate's, Private for-profit",611.0,611.0,68%,
133800,West Valley College,"2,016,079.00","1,008,040.00","14000 Fruitvale Ave, Saratoga, California 95070-5698","2-year, Public",7619.0,7619.0,35%,13%
2119100,Mission College,"1,961,952.00","980,976.00","3000 Mission College Blvd, Santa Clara, California 95054-1897","2-year, Public",6995.0,6995.0,31%,11%
927200,Crafton Hills College,"1,933,930.00","966,965.00","11711 Sand Canyon Road, Yucaipa, California 92339-1799","2-year, Public",6749.0,6749.0,29%,7%
1111200,Fashion Institute Of Design & Merchandising,"1,931,729.00","965,865.00","919 S Grand Ave, Los Angeles, California 90015-1421","4-year, primarily associate's, Private for-profit",2227.0,2195.0,71%,
129300,Vanguard University Of Southern California,"1,879,831.00","939,916.00","55 Fair Dr, Costa Mesa, California 92626","4-year, Private not-for-profit",2175.0,1920.0,59%,
134200,Whittier College,"1,879,550.00","939,775.00","13406 E Philadelphia Street, Whittier, California 90601","4-year, Private not-for-profit",1841.0,1776.0,72%,
2242700,Berkeley City College,"1,844,524.00","922,262.00","2050 Center Sreet, Berkeley, California 94704","2-year, Public",5644.0,5644.0,38%,18%
3639300,West Coast Ultrasound Institute,"1,805,882.00","902,941.00","3580 Wilshire Blvd., 4th Floor, Los Angeles, California 90010","4-year, primarily associate's, Private for-profit",814.0,814.0,76%,
121800,Loma Linda University,"1,777,517.00","888,759.00","11139 Anderson Street, Loma Linda, California 92350","4-year, Private not-for-profit",4462.0,1192.0,,
4118800,New York Film Academy,"1,739,271.00","869,636.00","3300 West Riverside Drive, Burbank, California 91505","4-year, primarily associate's, Private for-profit",1892.0,1312.0,69%,
2070500,Concordia University,"1,723,598.00","861,799.00","1530 Concordia West, Irvine, California 92612-3203","4-year, Private not-for-profit",3911.0,1738.0,63%,
4143800,Woodland Community College,"1,623,074.00","811,537.00","2300 E Gibson Rd, Woodland, California 95776","2-year, Public",3774.0,3774.0,24%,9%
3427500,University Of Antelope Valley,"1,613,796.00","806,898.00","44055 Sierra Highway, Lancaster, California 93534","4-year, primarily associate's, Private for-profit",814.0,762.0,67%,
2542300,National Holistic Institute,"1,602,448.00","801,224.00","5900 Doyle Street, Emeryville, California 94608-2008","< 2-year, Private for-profit",1237.0,1237.0,69%,
111900,Barstow Community College,"1,556,808.00","778,404.00","2700 Barstow Road, Barstow, California 92311","2-year, Public",3078.0,3078.0,27%,13%
3113600,Southern California Institute Of Technology,"1,535,401.00","767,701.00","525 N. Muller Street, Anaheim, California 92801-3758","4-year, primarily associate's, Private for-profit",607.0,607.0,78%,1%
126700,Merritt College,"1,497,283.00","748,642.00","12500 Campus Dr, Oakland, California 94619-3196","2-year, Public",6857.0,6857.0,22%,13%
128100,William Jessup University,"1,486,736.00","743,368.00","2121 University Avenue, Rocklin, California 95765-3707","4-year, Private not-for-profit",1743.0,1261.0,64%,
124900,Occidental College,"1,474,674.00","737,337.00","1600 Campus Rd, Los Angeles, California 90041-3392","4-year, Private not-for-profit",1985.0,1985.0,86%,11%
4228100,High Desert Medical College,"1,472,341.00","736,171.00","701 West Avenue K suite 123, Lancaster, California 93534","2-year, Private for-profit",704.0,704.0,71%,
1170700,North-West College,"1,406,776.00","703,388.00","2101 W Garvey Ave, West Covina, California 91790","2-year, Private for-profit",700.0,700.0,37%,
2110200,Columbia College Hollywood,"1,405,837.00","702,919.00","18618 Oxnard St, Tarzana, California 91356-1411","4-year, Private not-for-profit",870.0,870.0,49%,
112700,California College Of The Arts,"1,397,586.00","698,793.00","1111 Eighth Street, San Francisco, California 94107-2247","4-year, Private not-for-profit",1860.0,1466.0,64%,
3889300,Stanbridge University,"1,395,629.00","697,815.00","2041 Business Ctr Dr Ste 107, Irvine, California 92612","4-year, primarily associate's, Private for-profit",1364.0,1171.0,68%,
3542400,Copper Mountain College,"1,372,962.00","686,481.00","6162 Rotary Way, Joshua Tree, California 92252","2-year, Public",1533.0,1533.0,24%,17%
117800,College Of Marin,"1,347,945.00","673,973.00","835 College Ave, Kentfield, California 94904-2590","2-year, Public",5182.0,5182.0,35%,14%
1167200,Mendocino College,"1,309,837.00","654,919.00","1000 Hensley Creek Road, Ukiah, California 95482","2-year, Public",3960.0,3960.0,26%,12%
117300,Pomona College,"1,285,644.00","642,822.00","550 N College Ave, Claremont, California 91711-6319","4-year, Private not-for-profit",1637.0,1637.0,93%,
119600,Dominican University Of California,"1,244,783.00","622,392.00","50 Acacia Ave, San Rafael, California 94901-2298","4-year, Private not-for-profit",1878.0,1460.0,70%,25%
563800,Downey Adult School,"1,232,716.00","616,358.00","12340 Woodruff Ave, Downey, California 90241","2-year, Public",613.0,613.0,97%,
4057300,Asher College,"1,201,948.00","600,974.00","1215 Howe Ave Suite 101, Sacramento, California 95825","2-year, Private for-profit",646.0,646.0,68%,6%
134300,Woodbury University,"1,199,479.00","599,740.00","7500 Glenoaks Blvd, Burbank, California 91504-1052","4-year, Private not-for-profit",1225.0,1108.0,54%,
4161800,Brandman University,"1,196,618.00","598,309.00","16355 Laguna Canyon Road, Irvine, California 92618","4-year, Private not-for-profit",10231.0,6060.0,60%,40%
1291200,Mti College,"1,142,459.00","571,230.00","5221 Madison Avenue, Sacramento, California 95841-9817","2-year, Private for-profit",756.0,756.0,65%,
125800,Pacific Union College,"1,138,223.00","569,112.00","One Angwin Ave, Angwin, California 94508-9707","4-year, Private not-for-profit",909.0,906.0,57%,30%
123800,Mills College,"1,135,582.00","567,791.00","5000 MacArthur Blvd, Oakland, California 94613","4-year, Private not-for-profit",1122.0,723.0,57%,
3144400,American College Of Healthcare And Technology,"1,134,326.00","567,163.00","11801 Pierce St., Suite 100, Riverside, California 92505","2-year, Private for-profit",83.0,83.0,85%,
130900,Taft College,"1,122,910.00","561,455.00","29 Cougar Court, Taft, California 93268","2-year, Public",5968.0,5968.0,36%,7%
117900,Notre Dame De Namur University,"1,121,450.00","560,725.00","1500 Ralston Ave, Belmont, California 94002-1908","4-year, Private not-for-profit",1363.0,795.0,52%,39%
2596400,Spartan College Of Aeronautics & Technology,"1,117,522.00","558,761.00","8911 Aviation Blvd, Inglewood, California 90301-2904","2-year, Private for-profit",415.0,415.0,95%,
2482700,Western University Of Health Sciences,"1,105,699.00","552,850.00","309 E 2nd St, Pomona, California 91766-1854","4-year, Private not-for-profit",3792.0,,,
125100,Otis College Of Art & Design,"1,100,507.00","550,254.00","9045 Lincoln Blvd, Los Angeles, California 90045-3505","4-year, Private not-for-profit",1183.0,1125.0,66%,
697300,Canada College,"1,098,544.00","549,272.00","4200 Farm Hill Blvd., Redwood City, California 94061-1099","2-year, Public",5799.0,5799.0,32%,8%
672000,College Of Alameda,"1,049,170.00","524,585.00","555 Ralph Appezzato Memorial Pky, Alameda, California 94501","2-year, Public",5667.0,5667.0,27%,13%
113200,California Institute Of The Arts,"1,014,886.00","507,443.00","24700 W McBean Pky, Valencia, California 91355-2397","4-year, Private not-for-profit",1520.0,1021.0,61%,16%
770700,Columbia College,"994,576.00","497,288.00","11600 Columbia College Dr, Sonora, California 95370","2-year, Public",2616.0,2616.0,25%,14%
3171300,University Of St. Augustine For Health Sciences,"993,092.00","496,546.00","700 Windy Point Drive, San Marcos, California 92069","4-year, Private for-profit",4353.0,,,
853700,Concorde Career College,"982,367.00","491,184.00","201 East Airport Drive, Suite A, San Bernardino, California 92408-3403","2-year, Private for-profit",572.0,572.0,77%,
113400,California State University Maritime Academy,"977,757.00","488,879.00","200 Maritime Academy Dr, Vallejo, California 94590-8181","4-year, Public",941.0,911.0,67%,4%
134100,Westmont College,"950,992.00","475,496.00","955 La Paz Rd, Santa Barbara, California 93108-1089","4-year, Private not-for-profit",1317.0,1317.0,79%,19%
122000,Master'S University And Seminary (The),"936,440.00","468,220.00","21726 Placerita Canyon Road, Santa Clarita, California 91321-1200","4-year, Private not-for-profit",2006.0,1305.0,70%,5%
2343400,Bellus Academy,"915,623.00","457,812.00","13266 Poway Rd, Poway, California 92064","2-year, Private for-profit",372.0,372.0,80%,
2497300,Milan Institute,"914,326.00","457,163.00","6500 S. Mooney Blvd., Visalia, California 93277","< 2-year, Private for-profit",395.0,395.0,79%,
1011100,Cerro Coso Community College,"908,958.00","454,479.00","3000 College Heights Blvd, Ridgecrest, California 93555-9571","2-year, Public",5607.0,5607.0,25%,9%
113100,California Institute Of Technology,"908,781.00","454,391.00","1200 E California Blvd, Pasadena, California 91125","4-year, Private not-for-profit",2237.0,938.0,94%,4%
2553600,Diversified Vocational College,"908,774.00","454,387.00","1670 Wilshire Blvd, Los Angeles, California 90017-1604","< 2-year, Private for-profit",580.0,580.0,50%,
4181200,Southern California Health Institute (Sochi),"902,290.00","451,145.00","5644 Vineland Ave, North Hollywood, California 91601","< 2-year, Private for-profit",301.0,301.0,75%,
118300,Holy Names University,"895,448.00","447,724.00","3500 Mountain Blvd, Oakland, California 94619-1699","4-year, Private not-for-profit",966.0,669.0,48%,4%
129100,Simpson University,"892,430.00","446,215.00","2211 College View Drive, Redding, California 96003-8606","4-year, Private not-for-profit",854.0,702.0,45%,25%
793000,Concorde Career College,"887,365.00","443,683.00","4393 Imperial Avenue, Suite 100, San Diego, California 92113-1964","2-year, Private for-profit",730.0,730.0,77%,
3973300,Sae  Expression College,"875,264.00","437,632.00","6601 Shellmond St, Emeryville, California 94608","4-year, Private for-profit",583.0,583.0,57%,
1047400,Marymount California University,"874,466.00","437,233.00","30800 Palos Verdes Drive East, Rancho Palos Verdes, California 90275-6299","4-year, Private not-for-profit",647.0,602.0,33%,26%
131900,"University Of California, San Francisco","867,955.00","433,978.00","500 Parnassus Ave, San Francisco, California 94143-0244","4-year, Public",3180.0,,,
760700,Concorde Career College,"861,408.00","430,704.00","12412 Victory Boulevard, North Hollywood, California 91606-3134","2-year, Private for-profit",601.0,601.0,73%,
807100,Concorde Career College,"857,787.00","428,894.00","12951 Euclid Street, Suite 101, Garden Grove, California 92840-9201","2-year, Private for-profit",589.0,589.0,82%,
117000,Claremont Mckenna College,"855,579.00","427,790.00","500 E 9th St, Claremont, California 91711-6400","4-year, Private not-for-profit",1346.0,1343.0,91%,
2161800,Musicians Institute,"854,505.00","427,253.00","6752 Hollywood Blvd., Hollywood, California 90028","4-year, primarily associate's, Private for-profit",1022.0,1022.0,62%,
701200,Samuel Merritt University,"841,525.00","420,763.00","3100 Telegraph Avenue, Oakland, California 94609","4-year, Private not-for-profit",2029.0,768.0,,
4142600,Touro University,"797,347.00","398,674.00","1310 Club Drive, Vallejo, California 94592","4-year, Private not-for-profit",1378.0,,,
2577900,Santa Barbara Business College,"786,894.00","393,447.00","5300 California Avenue, Bakersfield, California 93309","4-year, primarily associate's, Private for-profit",309.0,308.0,56%,2%
118700,College Of The Siskiyous,"785,260.00","392,630.00","800 College Ave, Weed, California 96094-2899","2-year, Public",1761.0,1761.0,20%,18%
2155300,Chicago School Of Professional Psychology,"756,112.00","378,056.00","707 Wilshire Boulevard, Los Angeles, California 90017","4-year, Private not-for-profit",2999.0,180.0,,
4152800,Paul Mitchell The School Sacramento,"750,351.00","375,176.00","2100 Arden Way Ste 265, Sacramento, California 95825","< 2-year, Private for-profit",274.0,274.0,75%,
3125800,Premiere Career College,"747,470.00","373,735.00","12901 Ramona Blvd, Irwindale, California 91706-3746","2-year, Private for-profit",329.0,329.0,81%,
123600,Menlo College,"744,390.00","372,195.00","1000 El Camino Real, Atherton, California 94027-4301","4-year, Private not-for-profit",894.0,894.0,58%,
4167000,Paul Mitchell The School Temecula,"725,475.00","362,738.00","27536 Ynez Rd Ste E-1, Temecula, California 92591","< 2-year, Private for-profit",288.0,288.0,70%,
117700,Cogswell Polytechnical College,"701,472.00","350,736.00","191 Baypointe Parkway, San Jose, California 95134","4-year, Private for-profit",552.0,542.0,55%,14%
125200,Hope International University,"681,856.00","340,928.00","2500 E Nutwood Ave, Fullerton, California 92831-3199","4-year, Private not-for-profit",1130.0,633.0,54%,29%
1111700,Alliant International University,"679,282.00","339,641.00","10455 Pomerado Road, San Diego, California 92131","4-year, Private for-profit",3536.0,631.0,16%,
2330500,Laguna College Of Art And Design,"661,479.00","330,740.00","2222 Laguna Canyon Rd, Laguna Beach, California 92651","4-year, Private not-for-profit",834.0,784.0,57%,
2063500,Coastline Community College,"634,209.00","317,105.00","11460 Warner Ave., Fountain Valley, California 92708-2597","2-year, Public",10822.0,10822.0,23%,10%
117200,Pitzer College,"625,861.00","312,931.00","1050 North Mills Avenue, Claremont, California 91711-6101","4-year, Private not-for-profit",1086.0,1086.0,85%,
2270600,Life Pacific University,"606,084.00","303,042.00","1100 W. Covina Blvd., San Dimas, California 91773-3298","4-year, Private not-for-profit",552.0,459.0,45%,
902200,Associated Technical College,"602,768.00","301,384.00","1670 Wilshire Blvd, Los Angeles, California 90017-1604","< 2-year, Private for-profit",335.0,335.0,52%,
859700,Feather River College,"599,153.00","299,577.00","570 Golden Eagle Ave, Quincy, California 95971-9124","4-year, primarily associate's, Public",2058.0,2058.0,27%,42%
4195400,Unitek College,"598,178.00","299,089.00","21615 Hesperian Boulevard, Hayward, California 94541-7026","< 2-year, Private for-profit",153.0,153.0,84%,
117600,West Hills Community College,"592,666.00","296,333.00","300 Cherry Lane, Coalinga, California 93210","2-year, Public",4198.0,4198.0,30%,13%
4141400,Laurus College,"591,076.00","295,538.00","81 Higuera St Ste 110, San Luis Obispo, California 93401","4-year, primarily associate's, Private for-profit",878.0,878.0,82%,3%
4146000,National Career College,"589,577.00","294,789.00","14355 Roscoe Blvd, Panorama City, California 91402","2-year, Private for-profit",317.0,317.0,69%,
4003300,Blake Austin College,"581,595.00","290,798.00","611 Orange Dr Ste K, Vacaville, California 95687","< 2-year, Private for-profit",337.0,337.0,24%,2%
3440400,Marian Health Careers Center,"575,634.00","287,817.00","3325 Wilshire Blvd Ste 1010, Los Angeles, California 90010","< 2-year, Private for-profit",210.0,210.0,55%,
4115600,Mayfield College,"564,629.00","282,315.00","35-325 Date Palm Dr Ste 101, Cathedral City, California 92234","2-year, Private for-profit",468.0,468.0,84%,
3027700,Pacific College Of Oriental Medicine,"561,804.00","280,902.00","7445 Mission Valley Rd Ste 105, San Diego, California 92108-4407","4-year, Private for-profit",1036.0,185.0,40%,
4162800,Paul Mitchell The School Modesto,"553,609.00","276,805.00","3100 McHenry Ave, Modesto, California 95350","< 2-year, Private for-profit",298.0,298.0,76%,
3043900,Newschool Of Architecture And Design,"553,090.00","276,545.00","1249 F St, San Diego, California 92101","4-year, Private for-profit",497.0,394.0,43%,
2185800,Moler Barber College,"551,182.00","275,591.00","3815 Telegraph Ave, Oakland, California 94609-2419","< 2-year, Private for-profit",279.0,279.0,63%,3%
4165900,Paul Mitchell The School Fresno,"550,245.00","275,123.00","5091 N Fresno Street Ste 104, Fresno, California 93710","< 2-year, Private for-profit",311.0,311.0,74%,
3098700,Milan Institute,"549,033.00","274,517.00","75-030 Gerald Ford Drive, Suite 203, Palm Desert, California 92211","< 2-year, Private for-profit",139.0,139.0,55%,
1186600,Lu Ross Academy,"547,287.00","273,644.00","470 East Thompson Blvd, Ventura, California 93001-2729","< 2-year, Private for-profit",215.0,215.0,68%,
117400,Scripps College,"546,083.00","273,042.00","1030 North Columbia Avenue, Claremont, California 91711-3905","4-year, Private not-for-profit",1109.0,1089.0,90%,
2255400,Toni&Guy Hairdressing Academy,"545,266.00","272,633.00","464 N. Fairfax Ave, Los Angeles, California 90036","< 2-year, Private for-profit",191.0,191.0,64%,
1309500,Salon Success Academy,"543,888.00","271,944.00","2097 Compton Ave. Suite 201, Corona, California 92881","< 2-year, Private for-profit",116.0,116.0,94%,
705000,Bellus Academy,"539,166.00","269,583.00","970 Broadway, Suite 110, Chula Vista, California 91911","2-year, Private for-profit",239.0,239.0,70%,
725300,Federico Beauty Institute,"538,895.00","269,448.00","1515 Sports Drive    Ste 100, Sacramento, California 95834","< 2-year, Private for-profit",326.0,326.0,78%,
117100,Harvey Mudd College,"516,332.00","258,166.00","301 Platt Blvd., Claremont, California 91711","4-year, Private not-for-profit",904.0,904.0,92%,6%
4240200,Aviation Institute Of Maintenance,"512,166.00","256,083.00","420 Whitney Place, Freemont, California 94539","2-year, Private for-profit",278.0,278.0,65%,
4180000,Cinta Aveda Institute,"493,584.00","246,792.00","305 Kearny Street, San Francisco, California 94108-3204","< 2-year, Private for-profit",268.0,268.0,70%,
903200,Empire College,"490,975.00","245,488.00","3035 Cleveland Ave, Santa Rosa, California 95403-2126","4-year, primarily associate's, Private for-profit",371.0,299.0,57%,
120500,Golden Gate University,"464,148.00","232,074.00","536 Mission Street, San Francisco, California 94105-2968","4-year, Private not-for-profit",2432.0,511.0,,
3736300,Advance Beauty College,"458,495.00","229,248.00","10121 Westminster Ave, Garden Grove, California 92843","< 2-year, Private for-profit",507.0,507.0,92%,
4158200,Paul Mitchell The School Sherman Oaks,"446,039.00","223,020.00","15301 Ventura Blvd Unit P2, Sherman Oaks, California 91403","< 2-year, Private for-profit",267.0,267.0,76%,
720300,Salon Success Academy,"434,633.00","217,317.00","1385 E. Foothill Blvd, Upland, California 91786","< 2-year, Private for-profit",164.0,164.0,73%,
3590400,Ntma Training Centers Of Southern California,"427,969.00","213,985.00","12131 Telegraph Road, Santa Fe Springs, California 90670","< 2-year, Private not-for-profit",146.0,146.0,82%,
1203100,San Diego Christian College,"421,905.00","210,953.00","200 Riverview Parkway, Santee, California 92071","4-year, Private not-for-profit",551.0,488.0,53%,
122900,Southern California University Of Health Sciences,"401,546.00","200,773.00","16200 East Amber Valley Drive, Whittier, California 90604","4-year, Private not-for-profit",1386.0,746.0,,
121200,Humphreys University,"398,142.00","199,071.00","6650 Inglewood Ave, Stockton, California 95207-3896","4-year, Private not-for-profit",486.0,309.0,44%,28%
2591600,North-West College,"393,842.00","196,921.00","14540 Haynes, Van Nuys, California 91411","< 2-year, Private for-profit",198.0,198.0,9%,
565500,Hacienda La Puente Adult Education,"388,304.00","194,152.00","14101 E. Nelson Ave, La Puente, California 91746-0002","2-year, Public",812.0,812.0,91%,
3225300,American University Of Health Sciences,"384,752.00","192,376.00","1600 East Hill St, Signal Hill, California 90755-3612","4-year, Private for-profit",384.0,359.0,33%,
2277400,South Coast College,"366,087.00","183,044.00","2011 W. Chapman Avenue, Orange, California 92868-2609","2-year, Private for-profit",226.0,226.0,33%,10%
950900,Charles A. Jones Career And Education Center,"365,709.00","182,855.00","5451 Lemon Hill Ave, Sacramento, California 95824-1529","2-year, Public",243.0,243.0,82%,
1036500,Charles R. Drew University Of Medicine And Science,"360,477.00","180,239.00","1731 E 120th St, Los Angeles, California 90059","4-year, Private not-for-profit",748.0,198.0,75%,
4175200,Paul Mitchell The School East Bay,"355,653.00","177,827.00","100 Crescent Dr., Suite D, Pleasant Hill, California 94523","< 2-year, Private for-profit",128.0,128.0,66%,
4138700,Paul Mitchell The School - Pasadena,"354,896.00","177,448.00","825 E Green Street, Pasadena, California 91101","< 2-year, Private for-profit",237.0,237.0,92%,
2358000,Thomas Aquinas College,"354,873.00","177,437.00","10,000 Ojai Road, Santa Paula, California 93060","4-year, Private not-for-profit",439.0,439.0,84%,
1215400,California Institute Of Integral Studies,"352,356.00","176,178.00","1453 Mission Street, San Francisco, California 94103","4-year, Private not-for-profit",1476.0,69.0,,
3814400,Soka University Of America,"351,126.00","175,563.00","1 University Drive, Aliso Viejo, California 92656-8081","4-year, Private not-for-profit",419.0,406.0,89%,
125900,Palo Verde College,"349,166.00","174,583.00","One College Drive, Blythe, California 92225","2-year, Public",4540.0,4540.0,33%,7%
1290700,Lake Tahoe Community College,"348,926.00","174,463.00","One College Drive, South Lake Tahoe, California 96150","2-year, Public",2577.0,2577.0,29%,25%
4193700,John Paul The Great Catholic University,"343,805.00","171,903.00","155 W. Grand Ave, Escondido, California 92025","4-year, Private not-for-profit",278.0,272.0,58%,
125500,Pacific Oaks College,"340,238.00","170,119.00","45 W Eureka Street, Pasadena, California 91103","4-year, Private not-for-profit",1163.0,494.0,,
2075800,Southern California Institute Of Architecture (The),"339,620.00","169,810.00","960 E. 3rd Street, Los Angeles, California 90013-1822","4-year, Private not-for-profit",497.0,240.0,94%,
4259800,California Institute Of Arts & Technology,"338,044.00","169,022.00","2820 Camino Del Rio South Suite 100, San Diego, California 92108-3822","2-year, Private for-profit",372.0,372.0,,
121700,Lassen College,"335,004.00","167,502.00","478-200 Hwy 139, Susanville, California 96130","2-year, Public",2526.0,2526.0,24%,23%
4132700,Healthcare Career College,"331,157.00","165,579.00","8527 Alondra Blvd, #174, Paramount, California 90723-5258","2-year, Private for-profit",333.0,333.0,95%,
2064300,Sierra College Of Beauty,"321,871.00","160,936.00","1340 W 18th St, Merced, California 95340","< 2-year, Private for-profit",138.0,138.0,90%,1%
4164400,Angeles Institute,"319,593.00","159,797.00","17100 PIONEER BLVD, SUITE 170, ARTESIA, California 90701-2713","< 2-year, Private for-profit",84.0,84.0,29%,
3067400,Baldwin Park Adult School,"319,015.00","159,508.00","4640 N. Maine Ave, Baldwin Park, California 91706-4221","< 2-year, Public",305.0,305.0,76%,
4208900,Advanced Career Institute,"311,065.00","155,533.00","1728 North Kelsey Street, Visalia, California 93291","< 2-year, Private for-profit",637.0,637.0,80%,
1202600,Bellus Academy,"310,881.00","155,441.00","1073 E Main St, El Cajon, California 92021","2-year, Private for-profit",200.0,200.0,78%,
697500,Lincoln University,"310,107.00","155,054.00","401 15th Street, Oakland, California 94612-2801","4-year, Private not-for-profit",475.0,95.0,78%,22%
3935300,California Nurses Educational Institute,"309,864.00","154,932.00","5200 E. Ramon Rd. Suite I-1, Palm Springs, California 92264","< 2-year, Private for-profit",217.0,217.0,82%,
4149700,Homestead Schools,"309,756.00","154,878.00","23800 Hawthorne Blvd. Ste 200, Torrance, California 90505","4-year, primarily associate's, Private not-for-profit",182.0,182.0,83%,
2138300,Palo Alto University,"303,711.00","151,856.00","1791 Arastradero Rd, Palo Alto, California 94304-1337","4-year, Private not-for-profit",1075.0,68.0,,
3063400,Modern Technology School,"300,190.00","150,095.00","16560 Harbor Blvd., Suite K, Fountain Valley, California 92708-9821","2-year, Private for-profit",95.0,95.0,89%,
116900,Claremont Graduate University,"295,107.00","147,554.00","150 E Tenth St, Claremont, California 91711-6160","4-year, Private not-for-profit",1950.0,,,
998900,California Aeronautical University,"294,711.00","147,356.00","1450 Boughton Drive, Bakersfield, California 93308","4-year, primarily associate's, Private for-profit",230.0,224.0,23%,
120000,Fuller Theological Seminary,"293,342.00","146,671.00","135 N Oakland Ave, Pasadena, California 91182","4-year, Private not-for-profit",2265.0,,,
4141300,San Francisco Institute Of Esthetics & Cosmetology,"291,524.00","145,762.00","1067 Folsom St, San Francisco, California 94103","< 2-year, Private for-profit",174.0,174.0,63%,
2258600,Avalon School Of Cosmetology,"288,531.00","144,266.00","2318 Central Avenue, Alameda, California 94501","< 2-year, Private for-profit",47.0,47.0,67%,
4237100,Salon Professional Academy (The),"287,982.00","143,991.00","1600 Saratoga Avenue, Suite 103, San Jose, California 95129-5101","< 2-year, Private for-profit",174.0,174.0,83%,
2262400,Yeshiva Ohr Elchonon Chabad - West Coast Talmudical Seminary,"286,933.00","143,467.00","7215 Waring Ave, Los Angeles, California 90046-7660","4-year, Private not-for-profit",138.0,138.0,49%,22%
3299300,Pacific College,"283,666.00","141,833.00","3160 Red Hill Ave, Costa Mesa, California 92626","4-year, primarily associate's, Private for-profit",255.0,255.0,46%,10%
394800,San Francisco Art Institute,"283,166.00","141,583.00","800 Chestnut St, San Francisco, California 94133-2299","4-year, Private not-for-profit",332.0,220.0,46%,
3868400,Los Angeles College Of Music,"279,751.00","139,876.00","300 S Fair Oaks Ave, Pasadena, California 91105","4-year, Private for-profit",288.0,288.0,47%,
3039900,Fremont College,"277,847.00","138,924.00","18000 Studebaker Road Suite 900A, Cerritos, California 90703","4-year, primarily associate's, Private for-profit",191.0,191.0,52%,
1301000,Lancaster Beauty School,"276,907.00","138,454.00","44646 N 10th St W, Lancaster, California 93534","< 2-year, Private for-profit",134.0,134.0,86%,
394700,"University Of California, Hastings College Of The Law","276,618.00","138,309.00","200 McAllister Street, San Francisco, California 94102-4978","4-year, Public",979.0,,,
3695300,Community Enhancement Services,"267,036.00","133,518.00","401 S. Glenoaks Blvd. Suite 211, Burbank, California 91502-2750","< 2-year, Private not-for-profit",126.0,126.0,67%,
3458300,My Le'S Beauty College,"266,867.00","133,434.00","4516 Florin Road, Sacramento, California 95823-2513","< 2-year, Private for-profit",254.0,254.0,94%,
4092400,Make-Up Designory,"258,613.00","129,307.00","129 S. San Fernando Blvd., Burbank, California 91502","< 2-year, Private for-profit",262.0,262.0,91%,
4221900,California Technical Academy,"255,559.00","127,780.00","1285 Columbia Ave, Riverside, California 92507","< 2-year, Private for-profit",715.0,715.0,88%,
3116600,East San Gabriel Valley Rop And Technical Center,"255,012.00","127,506.00","1501 W Del Norte St., West Covina, California 91790","2-year, Public",108.0,108.0,83%,
127800,San Francisco Conservatory Of Music,"249,016.00","124,508.00","50 Oak Street, San Francisco, California 94102-6011","4-year, Private not-for-profit",452.0,233.0,61%,
4259700,University Of Saint Katherine,"246,937.00","123,469.00","1637 Capalina Road, San Marcos, California 92069","4-year, Private not-for-profit",235.0,235.0,7%,5%
3532400,Ata College,"246,006.00","123,003.00","1810 Gillespie Way, Suite 104, El Cajon, California 92020","2-year, Private for-profit",82.0,82.0,93%,
3029600,Pomona Adult School,"245,993.00","122,997.00","1515 W Mission Blvd, Pomona, California 91766-1233","< 2-year, Public",138.0,138.0,41%,
2285100,Hilltop Beauty School,"243,264.00","121,632.00","6317 Mission St, Daly City, California 94014","< 2-year, Private for-profit",111.0,111.0,57%,
2553500,Associated Technical College,"243,114.00","121,557.00","2650 Camino Del Rio North, Ste. 100, San Diego, California 92108-1630","< 2-year, Private for-profit",85.0,85.0,72%,
2543400,Brownson Technical School,"241,003.00","120,502.00","1110 Technology Cir Ste D, Anaheim, California 92805","< 2-year, Private for-profit",53.0,53.0,85%,
4211900,Xavier College School Of Nursing,"238,863.00","119,432.00","1340 North El Dorado Street, Stockton, California 95202-1017","< 2-year, Private for-profit",81.0,81.0,93%,
4160400,Angeles College,"237,819.00","118,910.00","3440 Wilshire Blvd Ste 310, Los Angeles, California 90010","4-year, primarily associate's, Private for-profit",267.0,267.0,78%,
1186500,California Hair Design Academy,"237,120.00","118,560.00","8011 University Avenue, Suite A-2, La Mesa, California 91942-5055","< 2-year, Private for-profit",128.0,128.0,64%,12%
4092300,Coastline Beauty College,"236,995.00","118,498.00","16151 Harbor Blvd, Fountain Valley, California 92708","< 2-year, Private for-profit",172.0,172.0,94%,
4115300,Coachella Valley Beauty College,"233,574.00","116,787.00","79450 Highway 111, La Quinta, California 92253","< 2-year, Private for-profit",58.0,58.0,59%,
1298400,Professional Institute Of Beauty,"233,396.00","116,698.00","10801 E. Valley Mall, El Monte, California 91731","< 2-year, Private for-profit",111.0,111.0,79%,
2595600,Asian-American International Beauty College,"229,596.00","114,798.00","7871 Westminster Blvd, Westminster, California 92683","< 2-year, Private for-profit",501.0,501.0,91%,
4076400,Gnomon,"226,588.00","113,294.00","1015 N Cahuenga Blvd Ste 54301, Hollywood, California 90038","4-year, primarily associate's, Private for-profit",399.0,399.0,0%,
713000,Newberry School Of Beauty,"225,726.00","112,863.00","16860 Devonshire Blvd, Granada Hills, California 91344-7401","< 2-year, Private for-profit",113.0,113.0,85%,
3125300,John Wesley International Barber And Beauty College,"225,673.00","112,837.00","920 Atlantic Avenue Suite 200, Long Beach, California 90813","< 2-year, Private for-profit",66.0,66.0,56%,
3266300,Bethesda University,"222,826.00","111,413.00","730 N. Euclid St, Anaheim, California 92801","4-year, Private not-for-profit",397.0,258.0,26%,
4223700,Bay Area Medical Academy,"222,337.00","111,169.00","530 Bush Street #201, San Francisco, California 94108-3623","< 2-year, Private for-profit",101.0,101.0,72%,
1307400,American Beauty College,"221,903.00","110,952.00","652 S. Sunset Ave, West Covina, California 91790","< 2-year, Private for-profit",92.0,92.0,48%,
2537200,Palomar Institute Of Cosmetology,"216,046.00","108,023.00","355 Via Vera Cruz #3, San Marcos, California 92078","< 2-year, Private for-profit",141.0,141.0,91%,
2597300,South Baylo University,"213,732.00","106,866.00","1126 N Brookhurst St, Anaheim, California 92801-1701","4-year, Private not-for-profit",338.0,,,
2520400,Adrians Beauty College Of Turlock,"213,440.00","106,720.00","1340 W Main St, Turlock, California 95380","< 2-year, Private for-profit",90.0,90.0,74%,
129500,Southwestern Law School,"212,120.00","106,060.00","3050 Wilshire Boulevard, Los Angeles, California 90010-1106","4-year, Private not-for-profit",819.0,,,
4215100,California Career Institute,"211,121.00","105,561.00","1240 S State College BLVD Ste. 135, Anaheim, California 92806","< 2-year, Private for-profit",147.0,147.0,71%,
2578000,Santa Barbara Business College,"208,381.00","104,191.00","303 E Plaza Dr Ste 1, Santa Maria, California 93454","4-year, primarily associate's, Private for-profit",89.0,89.0,52%,5%
3084700,Ventura Adult And Continuing Education,"207,297.00","103,649.00","5200 Valentine Rd, Ventura, California 93003-0000","< 2-year, Public",97.0,97.0,94%,
4274900,Contra Costa Medical Career College,"206,180.00","103,090.00","4041 Lone Tree Way, Antioch, California 94581-6208","2-year, Private for-profit",701.0,701.0,100%,
3126800,Pacifica Graduate Institute,"204,263.00","102,132.00","249 Lambert Rd, Carpinteria, California 93013","4-year, Private for-profit",829.0,,,
4175400,Elite Cosmetology School,"200,776.00","100,388.00","56300 Twentynine Palms Highway, Suite 113, Yucca Valley, California 92284-2860","< 2-year, Private for-profit",113.0,113.0,57%,
4242500,Associated Barber College Of San Diego,"199,340.00","99,670.00","1333 5th Avenue, San Diego, California 92101-4210","< 2-year, Private for-profit",65.0,65.0,93%,
4249600,Westcliff University,"199,036.00","99,518.00","17877 Von Karman Ave, Suite 400, Irvine, California 92614","4-year, Private for-profit",2608.0,781.0,,
4159700,American Medical Sciences Center,"198,625.00","99,313.00","225 West Broadway, Suite 410, Glendale, California 91204-5108","2-year, Private for-profit",64.0,64.0,74%,
448400,John F. Kennedy University,"196,815.00","98,408.00","100 Ellinwood Way, Pleasant Hill, California 94523-4817","4-year, Private not-for-profit",1125.0,373.0,,
1310300,California Western School Of Law,"196,710.00","98,355.00","225 Cedar St, San Diego, California 92101-3046","4-year, Private not-for-profit",793.0,,,
4153900,Providence Christian College,"195,829.00","97,915.00","464 E Walnut St, Pasadena, California 91101","4-year, Private not-for-profit",151.0,151.0,41%,
4114500,Valley College Of Medical Careers,"189,724.00","94,862.00","8399 Topanga Canyon Blvd Ste 200, West Hills, California 91304","2-year, Private for-profit",94.0,94.0,82%,
3853300,Keck Graduate Institute Of Applied Life Sciences,"189,117.00","94,559.00","535 Watson Dr, Claremont, California 91711","4-year, Private not-for-profit",580.0,,,
2211000,Salon Success Academy,"189,064.00","94,532.00","6780 Indiana Ave. Ste #200, Riverside, California 92506","< 2-year, Private for-profit",92.0,92.0,52%,
4145600,International College Of Cosmetology,"188,961.00","94,481.00","3701 International Boulevard, Oakland, California 94601-3525","< 2-year, Private for-profit",223.0,223.0,66%,
2304300,Platt College - San Diego,"187,377.00","93,689.00","6250 El Cajon Blvd, San Diego, California 92115-3919","4-year, primarily associate's, Private for-profit",115.0,115.0,73%,
1294200,Rosemead Beauty School,"187,022.00","93,511.00","8531 E Valley Blvd, Rosemead, California 91770-1639","< 2-year, Private for-profit",344.0,344.0,92%,
4208400,Riverside County Office Of Education,"186,455.00","93,228.00","2100 E. Alessandro Blvd., Riverside, California 92508","< 2-year, Public",291.0,291.0,81%,
4270000,Urban Barber College,"185,408.00","92,704.00","1809 Willow Pass Rd, Concord, California 94520-2522","< 2-year, Private for-profit",150.0,150.0,,
4141700,Healing Hands School Of Holistic Health,"183,798.00","91,899.00","125 W Mission Ave Ste 212, Escondido, California 92025","< 2-year, Private for-profit",337.0,337.0,72%,
2231900,Gemological Institute Of America,"176,142.00","88,071.00","5345 Armada Dr, Carlsbad, California 92008","< 2-year, Private not-for-profit",167.0,167.0,93%,
616500,Los Angeles County College Of Nursing And Allied Health,"174,062.00","87,031.00","1237 N. Mission Rd., Los Angeles, California 90033-1084","2-year, Public",199.0,199.0,,
3874300,Cambridge Junior College,"172,968.00","86,484.00","939 Live Oak Blvd, Yuba City, California 95991","< 2-year, Private for-profit",112.0,112.0,68%,
2228500,Life Chiropractic College West,"171,227.00","85,614.00","25001 Industrial Blvd, Hayward, California 94545-2800","4-year, Private not-for-profit",600.0,,,
4190800,Santa Ana Beauty College,"171,120.00","85,560.00","1926 West 17th Street, Santa Ana, California 92706-2321","< 2-year, Private for-profit",101.0,101.0,93%,
3910400,National Polytechnic College,"168,452.00","84,226.00","4105 South Street, Lakewood, California 90712","2-year, Private for-profit",192.0,192.0,51%,
4001300,Palace Beauty College,"167,681.00","83,841.00","1517 S Western Ave, Los Angeles, California 90006","< 2-year, Private for-profit",239.0,239.0,90%,
2282300,Alhambra Beauty College,"166,902.00","83,451.00","200 W Main St, Alhambra, California 91801","< 2-year, Private for-profit",129.0,129.0,76%,
3974500,California Career College,"166,258.00","83,129.00","7003 Owensmouth Avenue, Canoga Park, California 91303-2006","2-year, Private for-profit",117.0,117.0,,
1324000,Lytle'S Redwood Empire Beauty College,"166,160.00","83,080.00","186 Wikiup Dr, Santa Rosa, California 95403","< 2-year, Private for-profit",115.0,115.0,76%,
2309500,Clovis Adult Education,"166,012.00","83,006.00","1452 David E Cook Way, Clovis, California 93611","< 2-year, Public",671.0,671.0,69%,
4185600,Medical Allied Career Center,"163,365.00","81,683.00","12631 East Imperial Highway Bldg D-108, Santa Fe Springs, California 90670-4710","4-year, primarily associate's, Private for-profit",70.0,70.0,85%,
4186900,"International College Of Beauty, Arts & Sciences","162,618.00","81,309.00","5225 San Fernando Road West, Los Angeles, California 90039-1012","< 2-year, Private for-profit",49.0,49.0,90%,
4273300,Victory Career College,"162,289.00","81,145.00","19401 South Vermont Avenue, Torrance, California 90502-4434","< 2-year, Private for-profit",123.0,123.0,78%,
4245500,Universal Healthcare Careers College,"158,672.00","79,336.00","1625 West Olympic Boulevard, Suite 708, Los Angeles, California 90015-3811","< 2-year, Private for-profit",156.0,156.0,96%,
3999300,Beaumont Adult School,"156,954.00","78,477.00","1575 Cherry Ave, Beaumont, California 92223","< 2-year, Public",88.0,88.0,83%,
4237800,California Barber And Beauty College,"156,711.00","78,356.00","5315 El Cajon Boulevard, San Diego, California 92115-4730","< 2-year, Private for-profit",62.0,62.0,33%,
4195200,Diamond Beauty College,"155,896.00","77,948.00","10301 Garvey Avenue  #200, South El Monte, California 91733-2180","< 2-year, Private for-profit",47.0,47.0,94%,
4212000,Lawrence & Company College Of Cosmetology,"154,888.00","77,444.00","810 North 10th Avenue, Hanford, California 93230-4102","< 2-year, Private for-profit",48.0,48.0,71%,
718700,North Adrian'S College Of Beauty,"153,436.00","76,718.00","124 Floyd Ave, Modesto, California 95350-2381","< 2-year, Private for-profit",236.0,236.0,57%,
2298000,Design Institute Of San Diego,"149,639.00","74,820.00","8555 Commerce Ave, San Diego, California 92121","4-year, Private for-profit",121.0,121.0,56%,6%
2178700,Citrus Heights Beauty College,"147,682.00","73,841.00","7518 Baird Way, Citrus Heights, California 95610-1410","< 2-year, Private for-profit",123.0,123.0,75%,
3479300,Pci College,"146,325.00","73,163.00","17215 Studebaker Rd #310, Cerritos, California 90703","4-year, primarily associate's, Private for-profit",114.0,114.0,84%,
123000,Marshall B. Ketchum University,"145,778.00","72,889.00","2575 Yorba Linda Blvd, Fullerton, California 92831-1699","4-year, Private not-for-profit",739.0,,,
884600,Wright Institute (The),"145,487.00","72,744.00","2728 Durant Ave, Berkeley, California 94704-1796","4-year, Private not-for-profit",487.0,,,
714200,Lyle'S College Of Beauty,"145,271.00","72,636.00","6735 N First Ave Ste 112, Fresno, California 93710","< 2-year, Private for-profit",83.0,83.0,40%,
3696300,University Of The West,"140,086.00","70,043.00","1409 Walnut Grove Ave, Rosemead, California 91770","4-year, Private not-for-profit",284.0,153.0,17%,22%
4195500,Southern States University,"139,085.00","69,543.00","1094 Cuhady Place, #120, San Diego, California 92110","4-year, Private for-profit",405.0,94.0,50%,
4206800,Advance Beauty Techs Academy,"134,174.00","67,087.00","641 N State St Ste 1, San Jacinto, California 92583-6572","< 2-year, Private for-profit",122.0,122.0,56%,
4227000,Abc Adult School,"133,978.00","66,989.00","12254 Cuesta Drive, Cerritos, California 90703-2801","< 2-year, Public",77.0,77.0,83%,
4222200,Fab School (The),"132,973.00","66,487.00","9571 Pittsburgh Avenue, Rancho Cucamonga, California 91730","< 2-year, Private for-profit",148.0,148.0,98%,
4221700,Zms The Academy,"132,113.00","66,057.00","2228 E Cesar E Chavez Ave, Los Angeles, California 90033-4231","< 2-year, Private for-profit",125.0,125.0,43%,
4158900,Flair Beauty College,"130,763.00","65,382.00","23754 Valencia Blvd, Valencia, California 91355-2106","< 2-year, Private for-profit",62.0,62.0,77%,
3577300,Coba Academy,"130,645.00","65,323.00","663 N. Euclid Street, Anaheim, California 92801","< 2-year, Private for-profit",81.0,81.0,63%,
3646300,Design'S School Of Cosmetology,"125,204.00","62,602.00","2727 Buena Vista Drive #105, Paso Robles, California 93446","< 2-year, Private for-profit",27.0,27.0,69%,
4255300,Hoss Lee Academy,"122,657.00","61,329.00","200 Whyte Avenue, Roseville, California 95661-5233","< 2-year, Private for-profit",75.0,75.0,82%,
4189800,Academy For Salon Professionals,"122,587.00","61,294.00","19520 Nordhoff St. Unit 9, Northridge, California 91324","< 2-year, Private for-profit",82.0,82.0,74%,
3131300,Five Branches University,"120,172.00","60,086.00","200 7th Avenue, Santa Cruz, California 95062","4-year, Private for-profit",353.0,,,
3759300,Stellar Career College,"118,426.00","59,213.00","4300 Sisk Rd, Modesto, California 95356","< 2-year, Private for-profit",32.0,32.0,83%,
1085400,Thomas Jefferson School Of Law,"116,684.00","58,342.00","701 B Street - Suite 110, San Diego, California 92101","4-year, Private not-for-profit",219.0,,,
4148200,Beyond 21St Century Beauty Academy,"114,734.00","57,367.00","13640 Imperial Hwy Ste 6-8, Santa Fe Springs, California 90670","< 2-year, Private for-profit",86.0,86.0,50%,
3874400,Community Christian College,"113,974.00","56,987.00","1174 Nevada Street, Suite 200, Redlands, California 92374-2893","2-year, Private not-for-profit",203.0,203.0,33%,50%
4161700,Shasta School Of Cosmetology,"112,740.00","56,370.00","678 N Market St, Redding, California 96003","< 2-year, Private for-profit",37.0,37.0,62%,
274100,American Jewish University,"111,218.00","55,609.00","15600 Mulholland Dr, Los Angeles, California 90077-1519","4-year, Private not-for-profit",108.0,33.0,100%,
4189700,California Miramar University,"110,771.00","55,386.00","3550 Camino Del Rio North, Suite 208, San Diego, California 92108","4-year, Private for-profit",199.0,86.0,100%,
2494800,Cr'U Institute Of Cosmetology And Barbering,"110,487.00","55,244.00","11889 Valley View St Suite C, Garden Grove, California 92845-4321","< 2-year, Private for-profit",65.0,65.0,61%,
4226100,Lawrence & Company College Of Cosmetology,"106,027.00","53,014.00","2048 Grant Street, Selma, California 93662-3509","< 2-year, Private for-profit",41.0,41.0,68%,
4272800,Independent Training & Apprenticeship Program,"104,035.00","52,018.00","9856 Business Park Drive, Sacramento, California 95827-1741","< 2-year, Private for-profit",21.0,21.0,85%,
4272100,Princess Institute Of Beauty,"103,999.00","52,000.00","1605 East Manning Avenue, Reedley, California 93654-2455","< 2-year, Private for-profit",47.0,47.0,,
4209800,Hinton Barber And Beauty College,"103,446.00","51,723.00","1035 Tennessee St., Vallejo, California 94590","< 2-year, Private for-profit",56.0,56.0,68%,
2520300,Interior Designers Institute,"100,622.00","50,311.00","1061 Camelback Street, Newport Beach, California 92660","4-year, primarily associate's, Private for-profit",139.0,139.0,,
4014400,Palladium Technical Academy,"100,425.00","50,213.00","10229 Lower Azusa Rd., Temple City, California 91780","< 2-year, Private for-profit",33.0,33.0,90%,
2167800,Estes Institute Of Cosmetology Arts & Sciences,"99,744.00","49,872.00","324 E Main St, Visalia, California 93291","< 2-year, Private for-profit",53.0,53.0,89%,
4277700,California College Of Barbering And Cosmetology,"98,672.00","49,336.00","1024 E March Lane, Stockton, California 95210","< 2-year, Private for-profit",213.0,213.0,67%,
2222000,American Film Institute Conservatory,"98,640.00","49,320.00","2021 N Western Ave, Los Angeles, California 90027-1625","4-year, Private not-for-profit",334.0,,,
4262100,My Beauty & Barber College,"98,476.00","49,238.00","6100 Mack Road St. F, Sacramento, California 95823-4687","< 2-year, Private for-profit",105.0,105.0,0%,
2236400,"Thanh Le College, School Of Cosmetology","96,857.00","48,429.00","12875 chapman ave, Garden Grove, California 92840","< 2-year, Private for-profit",32.0,32.0,76%,
4256400,San Bernardino Beauty College,"96,223.00","48,112.00","600 North Sierra Way, San Bernardino, California 92410-4414","< 2-year, Private for-profit",75.0,75.0,71%,
3995300,University Of East-West Medicine,"94,275.00","47,138.00","595 Lawrence Expressway, Sunnyvale, California 94085-3922","4-year, Private for-profit",176.0,,,
3403300,Epic Bible College,"93,800.00","46,900.00","4330 Auburn Boulevard, Sacramento, California 95841","4-year, Private not-for-profit",145.0,118.0,14%,14%
3962300,American Institute Of Massage Therapy,"89,422.00","44,711.00","1516 Brookhollow Drive, Unit C, Santa Ana, California 92705-5401","< 2-year, Private for-profit",36.0,36.0,93%,
4217500,J D Academy Of Salon And Spa,"89,296.00","44,648.00","520 San Ramon Valley Blvd, Danville, California 94526","< 2-year, Private for-profit",128.0,128.0,95%,
4181600,Integrity College Of Health,"88,763.00","44,382.00","1460 N Lake Ave Suite 102, Pasadena, California 91104","< 2-year, Private for-profit",30.0,30.0,62%,
4142500,Touro University Worldwide,"87,768.00","43,884.00","10601 Calle Lee  #179, Los Alamitos, California 90720","4-year, Private not-for-profit",1940.0,526.0,100%,
4255400,Regan Career Institute,"87,162.00","43,581.00","11350 Valley Boulevard, El Monte, California 91731-3254","< 2-year, Private for-profit",46.0,46.0,71%,
3367300,Professional Golfers Career College,"84,229.00","42,115.00","26109 Ynez Road, Temecula, California 92591","2-year, Private for-profit",107.0,107.0,70%,3%
3740400,Ati College,"83,260.00","41,630.00","15141 Whittier Blvd Suite 420, Whitter, California 90603-0000","4-year, primarily associate's, Private for-profit",23.0,23.0,78%,
2230900,Fredrick And Charles Beauty College,"82,451.00","41,226.00","831 F St, Eureka, California 95501","< 2-year, Private for-profit",55.0,55.0,64%,
2220000,Colleen O'Hara'S Beauty Academy,"82,427.00","41,214.00","109 W 4th St, Santa Ana, California 92701-0000","< 2-year, Private for-profit",14.0,14.0,64%,
2609000,Emperor'S College Of Traditional Oriental Medicine,"82,054.00","41,027.00","1807 Wilshire Blvd, Ste #200, Santa Monica, California 90403","4-year, Private for-profit",237.0,,,
4158800,Theatre Of Arts,"79,898.00","39,949.00","6767 sunset Blvd suite 210, Hollywood, California 90028-6111","2-year, Private for-profit",28.0,28.0,27%,
4132400,Academy Of Esthetics And Cosmetology,"79,073.00","39,537.00","1242 San Fernando Rd, San Fernando, California 91340-3212","< 2-year, Private for-profit",39.0,39.0,72%,
3054100,Royale College Of Beauty And Barbering,"76,241.00","38,121.00","27485 Commerce Center Dr, Temecula, California 92590","< 2-year, Private for-profit",49.0,49.0,77%,
1244600,Universal College Of Beauty,"76,226.00","38,113.00","3419 W 43rd Place, Los Angeles, California 90008","< 2-year, Private for-profit",27.0,27.0,50%,
2061600,Wayne'S College Of Beauty,"72,461.00","36,231.00","1271 North Main Street, Salinas, California 93906-2830","< 2-year, Private for-profit",42.0,42.0,67%,
3786300,Advanced College,"71,329.00","35,665.00","13180 Paramount Blvd., South Gate, California 90280","2-year, Private for-profit",25.0,25.0,51%,
4145000,San Diego Culinary Institute,"70,731.00","35,366.00","8024 La Mesa Blvd, La Mesa, California 91942","< 2-year, Private for-profit",,,,
3062400,Mount Diablo Adult Education,"68,958.00","34,479.00","Loma Vista Adult Center - 1266 San Carlos Avenue., Concord, California 94518-1199","< 2-year, Public",129.0,129.0,82%,
3650300,Tri-Community Adult Education,"68,720.00","34,360.00","231 Stephanie Drive, Covina, California 91722-3925","2-year, Public",262.0,262.0,,
2065700,California Beauty College,"67,420.00","33,710.00","1115 15th St, Modesto, California 95354","< 2-year, Private for-profit",105.0,105.0,74%,
128800,Claremont School Of Theology,"66,104.00","33,052.00","1325 N College Ave, Claremont, California 91711-3199","4-year, Private not-for-profit",331.0,,,
4243100,Alhambra Medical University,"65,078.00","32,539.00","2215 W. Mission Road, Alhambra, California 91803","4-year, Private for-profit",169.0,63.0,,
4256500,Baldy View Regional Occupational Program,"61,625.00","30,813.00","1501 Bon View Avenue, Ontario, California 91761","< 2-year, Public",31.0,31.0,90%,
4157800,Grace Mission University,"61,227.00","30,614.00","1645 West Valencia Drive, Fullerton, California 92833-3860","4-year, Private not-for-profit",247.0,121.0,81%,
4220500,Butte County Regional Occupational Program,"60,515.00","30,258.00","2491 Carmichael Drive Ste 500, Chico, California 95928-7191","< 2-year, Public",64.0,64.0,93%,
3109500,Dongguk University Los Angeles,"60,458.00","30,229.00","440 Shatto Pl, Los Angeles, California 90020-1704","4-year, Private not-for-profit",131.0,16.0,,
120700,Graduate Theological Union,"59,068.00","29,534.00","2400 Ridge Rd, Berkeley, California 94709","4-year, Private not-for-profit",197.0,,,
3098200,Yo San University Of Traditional Chinese Medicine,"59,068.00","29,534.00","13315 W. Washington Boulevard, Los Angeles, California 90066","4-year, Private not-for-profit",142.0,,,
720900,Redondo Beach Beauty College,"58,790.00","29,395.00","2205 West Artesia Boulevard, Redondo Beach, California 90278-3111","< 2-year, Private for-profit",76.0,76.0,80%,
2545900,Hypnosis Motivation Institute,"56,543.00","28,272.00","18607 Ventura Blvd Ste 310, Tarzana, California 91356-4159","< 2-year, Private not-for-profit",61.0,61.0,33%,
4250100,Santa Barbara And Ventura Colleges Of Law (The),"54,315.00","27,158.00","4475 Market St, Ventura, California 93003","4-year, Private not-for-profit",187.0,,,
720400,Modern Beauty Academy - Oxnard,"54,154.00","27,077.00","699 South C St, Oxnard, California 93030","< 2-year, Private for-profit",50.0,50.0,62%,
4137200,Borner'S Barber College,"53,064.00","26,532.00","8913 S Western Ave, Los Angeles, California 90047","< 2-year, Private for-profit",31.0,31.0,0%,
4173400,Santa Ana Beauty Academy,"52,745.00","26,373.00","2231 North Tustin Avenue, Santa Ana, California 92705-7820","< 2-year, Private for-profit",24.0,24.0,100%,
3868300,World Mission University,"52,382.00","26,191.00","500 Shatto Pl Ste 600, Los Angeles, California 90020","4-year, Private not-for-profit",421.0,190.0,0%,100%
4208100,Ukiah Adult School,"49,598.00","24,799.00","1056 North Bush Street, Ukiah, California 95482-3865","< 2-year, Public",,,94%,
3288300,Academy Of Chinese Culture And Health Sciences,"49,465.00","24,733.00","1600 Broadway, Ste. 200, Oakland, California 94612","4-year, Private not-for-profit",133.0,,,
4242600,Abco Technology,"46,979.00","23,490.00","11222 S. La Cienega Blvd Ste 588, Inglewood, California 90304-1551","< 2-year, Private for-profit",126.0,126.0,100%,
4248200,Dehart Technical School,"42,994.00","21,497.00","311 Bitritto Way, Modesto, California 95356-9292","< 2-year, Private for-profit",79.0,79.0,,
2500000,San Joaquin College Of Law,"42,482.00","21,241.00","901 Fifth St, Clovis, California 93612-1312","4-year, Private not-for-profit",171.0,,,
4265500,Icohs College,"41,928.00","20,964.00","1770 4th Avenue, San Diego, California 92101-2607","< 2-year, Private not-for-profit",101.0,101.0,79%,
4122800,Presbyterian Theological Seminary In America,"41,486.00","20,743.00","15605 Carmenita Road, Santa Fe Springs, California 90670-5611","4-year, Private not-for-profit",174.0,46.0,60%,40%
4253700,Sacramento Ultrasound Institute,"39,829.00","19,915.00","2233 Watt Avenue, Sacramento, California 95825-0570","2-year, Private for-profit",75.0,75.0,,
3332300,Southern California Seminary,"39,208.00","19,604.00","2075 E. Madison Avenue, El Cajon, California 92019-1108","4-year, Private not-for-profit",176.0,43.0,0%,50%
4237600,California Jazz Conservatory,"38,567.00","19,284.00","2087 Addison Street, Berkeley, California 94704-1268","4-year, Private not-for-profit",47.0,47.0,0%,
4235500,Presidio Graduate School,"38,408.00","19,204.00","1202 Ralston Ave #300, San Francisco, California 94129-1749","4-year, Private not-for-profit",120.0,,,
4191300,Annenberg School Of Nursing,"37,770.00","18,885.00","19300 Sherman Way, Reseda, California 91335-5426","< 2-year, Private not-for-profit",24.0,24.0,,
2276800,Westminster Theological Seminary In California,"35,790.00","17,895.00","1725 Bear Valley Parkway, Escondido, California 92027","4-year, Private not-for-profit",133.0,,,
4246200,California Institute Of Medical Science,"35,107.00","17,554.00","1175 Shaw Avenue # 103, Clovis, California 93612-0000","< 2-year, Private for-profit",25.0,25.0,,
4234000,San Francisco Film School,"34,950.00","17,475.00","155 Sansome Street 2nd Floor, San Francisco, California 94104-2835","2-year, Private for-profit",38.0,38.0,86%,
4227100,America Evangelical University,"33,544.00","16,772.00","1818 South Western Avenue Suite 409, Los Angeles, California 90006-5860","4-year, Private not-for-profit",108.0,35.0,60%,
3327400,"Acupuncture And Integrative Medicine College, Berkeley","31,425.00","15,713.00","2550 Shattuck Avenue, Berkeley, California 94704","4-year, Private not-for-profit",93.0,,,
4236700,Blush School Of Makeup,"29,877.00","14,939.00","One Embarcadero Center, Ste R-1206, San Francisco, California 94111-3628","< 2-year, Private for-profit",41.0,41.0,75%,
1044100,Pardee Rand Graduate School,"29,679.00","14,840.00","1776 Main St, Santa Monica, California 90401-3208","4-year, Private not-for-profit",108.0,,,
3752400,Sum Bible College & Theological Seminary,"26,609.00","13,305.00","1101 Investment Blvd. #115, El Dorado Hills, California 95762","4-year, Private not-for-profit",626.0,459.0,38%,15%
2359300,Shasta Bible College And Graduate School,"26,199.00","13,100.00","2951 Goodwater Ave., Redding, California 96002","4-year, Private not-for-profit",41.0,29.0,67%,11%
4176300,Bergin College Of Canine Studies,"25,825.00","12,913.00","10201 Old Redwood Hwy, Penngrove, California 94951","4-year, Private not-for-profit",59.0,36.0,,
2099200,American Conservatory Theater Foundation,"25,315.00","12,658.00","415 Geary Street, San Francisco, California 94102","4-year, Private not-for-profit",43.0,9.0,,
125600,Pacific School Of Religion,"24,442.00","12,221.00","1798 Scenic Ave, Berkeley, California 94709","4-year, Private not-for-profit",98.0,,,
408000,Starr King School For The Ministry,"23,860.00","11,930.00","5000 MacArthur Blvd, Oakland, California 94613-1209","4-year, Private not-for-profit",88.0,,,
2520200,California Career School,"23,569.00","11,785.00","1100 Technology Cir, Anaheim, California 92805","< 2-year, Private for-profit",,,94%,
4185500,Beverly Hills Design Institute,"20,598.00","10,299.00","8484 Wilshire Blvd Suite #730, Beverly Hills, California 90211","4-year, primarily associate's, Private for-profit",16.0,16.0,67%,33%
116500,Church Divinity School Of The Pacific,"18,783.00","9,392.00","2451 Ridge Road, Berkeley, California 94709-1211","4-year, Private not-for-profit",75.0,,,
2267600,Sofia University,"16,303.00","8,152.00","1069 East Meadow Cr, Palo Alto, California 94303","4-year, Private for-profit",1349.0,9.0,,
4250600,California Institute Of Advanced Management,"15,039.00","7,520.00","1000 S. Fremont Ave. Mailbox #45, Bldg A10, 4th Floor, Suite 10402, Alhambra, California 91803","4-year, Private not-for-profit",151.0,,,
3025600,Dell'Arte International School Of Physical Theatre,"14,549.00","7,275.00","131 H Street, Blue Lake, California 95525-0816","4-year, Private not-for-profit",31.0,18.0,100%,
4271100,Meridian University,"13,758.00","6,879.00","47 Sixth Street, Petaluma, California 94952-3092","4-year, Private for-profit",113.0,,,
129600,Dominican School Of Philosophy And Theology,"13,676.00","6,838.00","2301 Vine Street, Berkeley, California 94708-1816","4-year, Private not-for-profit",67.0,,,
3163300,Pacific States University,"13,385.00","6,693.00","3424 Wilshire Blvd. 12th floor, Los Angeles, California 90010-2263","4-year, Private not-for-profit",28.0,3.0,50%,50%
4005300,United States University,"12,982.00","6,491.00","7675 Mission Valley Road, San Diego, California 92108","4-year, Private for-profit",1243.0,103.0,0%,75%
884400,California Christian College,"12,359.00","6,180.00","5364 E. Belmont Avenue, Fresno, California 93727","4-year, primarily associate's, Private not-for-profit",11.0,11.0,0%,
4155500,Academy For Jewish Religion California,"12,221.00","6,111.00","574 Hilgard Avenue, Los Angeles, California 90024","4-year, Private not-for-profit",60.0,,,
112000,American Baptist Seminary Of The West,"9,311.00","4,656.00","2606 Dwight Way, Berkeley, California 94704-3029","4-year, Private not-for-profit",39.0,,,
4248300,Los Angeles Academy Of Figurative Art,"9,263.00","4,632.00","16926 Saticoy Street, Van Nuys, California 91406-2127","4-year, Private for-profit",6.0,6.0,60%,
4194600,Brand College,"8,147.00","4,074.00","529 Hahn Ave Ste 101, Glendale, California 91203","< 2-year, Private for-profit",24.0,24.0,100%,
1179200,Franciscan School Of Theology,"7,856.00","3,928.00","5998 Alcala Park, San Diego, California 92110","4-year, Private not-for-profit",54.0,,,
4217400,High Tech High Graduate School Of Education,"6,110.00","3,055.00","2861 Womble Road, San Diego, California 92106","4-year, Private not-for-profit",59.0,,,
4192500,Westchester College Of Nursing & Allied Health,"6,110.00","3,055.00","8939 South Sepulveda Boulevard #302, Los Angeles, California 90045-3647","< 2-year, Private for-profit",6.0,6.0,80%,
2120600,Saybrook University,"3,469.00","1,735.00","55 W Eureka Street, Pasadena, California 91103","4-year, Private not-for-profit",688.0,,,
188100,Ashford University,"1,001.00",501.00,"8620 Spectrum Center Boulevard, San Diego, California 92123","4-year, Private for-profit",32620.0,26914.0,8%,18%
